"","hazard","exposure","housing","poverty","vulnerability","severity","degree"
"1",0.1735222935,0.0150955505,5.387607767,5.260989011,5.3242983895,0.138655629,0
"2",0.521927,0.004326195,5.456937224,7.857142857,6.657040041,0.24679272,0
"3",0.614608493,0.013901234,5.456937224,7.857142857,6.657040041,0.384572025,0
"12",0.831127943,0.042626349,6.817638797,5.152625153,5.985131975,0.59631159,0
"16",NA,NA,NA,NA,NA,NA,0
"38",0.628338474,0.023281491,5.456937224,7.857142857,6.657040041,0.460074895,0
"91",0.736707023,0.02215381,6.441465148,5.213675214,5.827570181,0.456467905,0
"92",0.665795845,0.023609543,6.441465148,5.213675214,5.827570181,0.450787703,0
"102",1.428384751,0.042288045,6.817638797,5.152625153,5.985131975,0.712380758,0
"111",3.06317062,0.030949723,6.441465148,5.213675214,5.827570181,0.820550198,0
"112",2.284419346,0.060412957,6.441465148,5.213675214,5.827570181,0.929960448,0
"117",1.678687347,0.030611418,6.441465148,5.213675214,5.827570181,0.669032057,0
"119",0.804865734,0.020472539,6.441465148,5.213675214,5.827570181,0.457924861,0
"137",2.51873924,0.053236804,6.441465148,5.213675214,5.827570181,0.921073381,0
"150",1.270825695,0.061079314,6.441465148,5.213675214,5.827570181,0.767636971,0
"162",1.022463998,0.038084869,6.441465148,5.213675214,5.827570181,0.609952481,0
"164",0.829522364,0.051104461,6.441465148,5.213675214,5.827570181,0.627467845,0
"188",0.045985856,0.041611436,5.97793252,3.199023199,4.58847786,0.206301256,0
"193",0.770868122,0.021395188,5.97793252,3.199023199,4.58847786,0.42298173,0
"194",0.863939977,0.027166865,5.97793252,3.199023199,4.58847786,0.47577021,0
"200",0.49964258,0.027238627,5.97793252,3.199023199,4.58847786,0.396738575,0
"206",0.039496873,0.030662677,5.97793252,3.199023199,4.58847786,0.177125248,0
"211",0.368412186,0.025311317,5.97793252,3.199023199,4.58847786,0.349761865,0
"214",0.065142488,0.032374702,5.97793252,3.199023199,4.58847786,0.213098105,0
"219",0.297583896,0.01627449,6.8024200635,4.5253357755,5.663877919,0.247290552,0
"236",0.536862804,0.018770766,6.852053081,6.572039072,6.712046076,0.407442893,0
"248",0.478876041,0.026469753,6.852053081,6.572039072,6.712046076,0.439821014,0
"249",0.882369689,0.05856766,6.852053081,6.572039072,6.712046076,0.702621004,0
"260",0.607662871,0.026551766,6.852053081,6.572039072,6.712046076,0.476654483,0
"278",0.822392895,0.032036397,6.852053081,6.572039072,6.712046076,0.561296909,0
"279",2.412756668,0.08333564,8.226716181,0.894383394,4.560549788,0.971524671,0
"281",1.79491861,0.057604006,8.226716181,0.894383394,4.560549788,0.77834394,0
"282",1.532984886,0.079152968,8.226716181,0.894383394,4.560549788,0.820995467,0
"289",1.817828592,0.838051654,8.226716181,0.894383394,4.560549788,1.908154956,0
"291",0.555249233,0.021241413,6.817638797,5.152625153,5.985131975,0.413283786,0
"295",0.332804486,0.020944115,7.531331947,5.860805861,6.696068904,0.360045207,0
"296",0.86491574,0.231041373,7.531331947,5.860805861,6.696068904,1.101948142,0
"297",0.531843542,0.037551784,7.531331947,5.860805861,6.696068904,0.511381239,0
"304",2.38243547,0.040729794,6.45603317,3.308913309,4.88247324,0.779574715,0
"305",1.67397352,0.024491185,6.45603317,3.308913309,4.88247324,0.584968866,0
"307",2.158805985,0.126495075,6.45603317,3.308913309,4.88247324,1.100632586,0
"309",2.691920522,0.027628189,6.45603317,3.308913309,4.88247324,0.713430232,0
"310",2.314336634,0.028591844,6.45603317,3.308913309,4.88247324,0.686177051,0
"311",1.330211416,0.033471628,6.45603317,3.308913309,4.88247324,0.601283278,0
"313",3.575102189,0.027607686,6.45603317,3.308913309,4.88247324,0.784006107,0
"315",3.297377371,0.280464564,6.45603317,3.308913309,4.88247324,1.652832487,0
"316",3.483079139,0.062750332,6.45603317,3.308913309,4.88247324,1.021895331,0
"318",3.830886438,0.026777302,6.45603317,3.308913309,4.88247324,0.794148996,0
"320",2.64460094,0.146424277,6.45603317,3.308913309,4.88247324,1.236529179,0
"323",3.475186975,0.023978603,6.45603317,3.308913309,4.88247324,0.740992775,0
"326",1.428924378,0.021795002,6.45603317,3.308913309,4.88247324,0.533746872,0
"327",2.710123857,0.039151041,6.45603317,3.308913309,4.88247324,0.803139107,0
"331",2.056612228,0.044235858,6.45603317,3.308913309,4.88247324,0.762995973,0
"338",3.630410485,0.027125858,6.45603317,3.308913309,4.88247324,0.783417073,0
"343",6.132891294,0.049587217,6.45603317,3.308913309,4.88247324,1.140840576,0
"345",2.349913703,0.041098854,6.45603317,3.308913309,4.88247324,0.778348031,0
"347",3.321293571,0.043405474,6.45603317,3.308913309,4.88247324,0.88953672,0
"350",2.776564899,0.050966064,7.655262932,5.882173382,6.7687181575,0.500624761,0
"356",2.7611734,0.072930218,6.45603317,3.308913309,4.88247324,0.994367729,0
"367",1.508917045,0.040606774,8.863975701,1.816239316,5.340107508,0.689082604,0
"368",0.726391333,0.165810142,8.863975701,1.816239316,5.340107508,0.86319831,0
"370",2.170716589,10,8.863975701,1.816239316,5.340107508,4.875857919,0
"375",1.036494374,0.250396482,8.863975701,1.816239316,5.340107508,1.114932027,0
"376",1.339502435,0.032384953,8.863975701,1.816239316,5.340107508,0.614156324,0
"380",1.06200495233333,0.064045457,6.782906879,4.004884005,5.39389544166667,0.587735066,0
"382",0.814777868,0.052642208,8.863975701,1.816239316,5.340107508,0.611844567,0
"383",1.738208783,0.321963231,8.863975701,1.816239316,5.340107508,1.440409817,0
"384",1.617594448,0.557792123,8.863975701,1.816239316,5.340107508,1.689003988,0
"390",0.907074722,0.075072812,8.863975701,1.816239316,5.340107508,0.713770481,0
"393",1.490266593,0.159044054,8.863975701,1.816239316,5.340107508,1.081709063,0
"395",1.34731891,0.672528559,8.863975701,1.816239316,5.340107508,1.69138982,0
"397",0.929100702,0.089794178,8.863975701,1.816239316,5.340107508,0.763754277,0
"401",1.435285015,0.038740975,8.863975701,1.816239316,5.340107508,0.66714397,268
"402",1.158924106,0.03945859,8.863975701,1.816239316,5.340107508,0.625051094,139
"417",3.180417762,0.086226604,8.404832734,0.818070818,4.611451776,1.081403345,49
"420",1.720360572,2.263584201,8.404832734,0.818070818,4.611451776,2.618693089,267
"421",1.472664629,0.129970383,8.404832734,0.818070818,4.611451776,0.959243007,262
"422",1.43094614,0.1185602995,6.409340282,2.3916361415,4.400488212,0.503733115,248
"425",0.000680709,0.029007036,4.4898964775,5.7967032965,5.143299887,0.043268796,189
"426",1.489497716,0.110061684,8.404832734,0.818070818,4.611451776,0.910971008,171
"429",2.576381377,0.168332047,8.404832734,0.818070818,4.611451776,1.259906188,26
"430",1.309141518,0.050376594,8.404832734,0.818070818,4.611451776,0.672487718,26
"431",1.430544483,0.106350588,8.404832734,0.818070818,4.611451776,0.888572724,64
"433",2.032508776,0.083940487,8.404832734,0.818070818,4.611451776,0.923167547,310
"438",1.441139016,0.045968386,8.404832734,0.818070818,4.611451776,0.673494832,91
"440",1.474004117,0.084688857,8.404832734,0.818070818,4.611451776,0.831867608,214
"443",3.384642926,0.042739117,4.990112867,3.644688645,4.317400756,0.854778499,129
"444",2.746707613,0.067373825,4.990112867,3.644688645,4.317400756,0.927916007,85
"445",3.221007719,0.080372914,4.990112867,3.644688645,4.317400756,1.037786334,115
"449",1.203211305,0.065426012,5.913504002,5.848595849,5.881049925,0.773598716,169
"451",1.990412568,0.079860332,5.913504002,5.848595849,5.881049925,0.977784226,229
"454",1.487273481,0.064441854,5.913504002,5.848595849,5.881049925,0.826046654,52
"478",0.86984836,0.004367202,5.913504002,5.848595849,5.881049925,0.281644033,26
"543",0.019864202,0.037285241,6.218955197,5.83028083,6.024618014,0.164631346,31
"544",0.007792752,0.022522869,6.218955197,5.83028083,6.024618014,0.101878222,26
"545",0.005922408,0.01475212,6.218955197,5.83028083,6.024618014,0.080740995,66
"546",0.006040249,0.01767384,6.218955197,5.83028083,6.024618014,0.086318739,26
"551",0.037413673,0.037941346,6.218955197,5.83028083,6.024618014,0.204498847,26
"552",NA,NA,NA,NA,NA,NA,26
"554",0.03112348,0.01325538,6.218955197,5.83028083,6.024618014,0.135457571,197
"555",0.029866071,0.016689682,6.218955197,5.83028083,6.024618014,0.144273053,114
"556",0.00942573266666667,0.0311786763333333,7.460674444,7.54273504233333,7.50170474366667,0.060473461,49
"557",0.050359129,0.031041988,6.218955197,5.83028083,6.024618014,0.21117982,165
"558",0.051387444,0.015572252,6.218955197,5.83028083,6.024618014,0.168932284,44
"559",0.048781459,0.020954367,6.218955197,5.83028083,6.024618014,0.183295984,335
"560",0.02424977,0.0234608945,5.658653064,7.2985347985,6.4785939315,0.1152796405,99
"561",0.047176301,0.027710202,6.218955197,5.83028083,6.024618014,0.198959357,202
"562",0.044602692,0.030170598,6.218955197,5.83028083,6.024618014,0.200889929,410
"563",0.012590741,0.018063402,6.218955197,5.83028083,6.024618014,0.111069153,99
"578",0.916185861,0.021302923,7.160041941,6.059218559,6.60963025,0.505281404,394
"579",1.222044929,0.048490291,7.160041941,6.059218559,6.60963025,0.731655054,443
"580",0.508148826,0.024255397,7.160041941,6.059218559,6.60963025,0.433503054,218
"585",0.833363222,0.046357949,5.456937224,7.857142857,6.657040041,0.635935744,293
"594",0.567562945,0.039407332,5.456937224,7.857142857,6.657040041,0.530018153,99
"603",3.938683537,0.048633814,5.191504838,6.547619048,5.869561943,1.039836449,353
"605",2.039857595,0.077953525,5.191504838,6.547619048,5.869561943,0.977268198,293
"607",3.2951841,0.061663658,5.191504838,6.547619048,5.869561943,1.060485868,293
"609",1.641380625,0.0481314835,4.124195833,7.2603785105,5.692287172,0.5292633335,99
"611",4.822834095,0.023178974,5.191504838,6.547619048,5.869561943,0.868961914,222
"613",0.362458435,0.032805271,5.191504838,6.547619048,5.869561943,0.411720518,353
"615",0.074398342,0.083099852,5.191504838,6.547619048,5.869561943,0.331072467,99
"617",3.387267635,0.024050364,5.191504838,6.547619048,5.869561943,0.781973953,191
"619",3.795941568,0.0348556,5.191504838,6.547619048,5.869561943,0.919177233,245
"621",5.247247867,0.027935739,5.191504838,6.547619048,5.869561943,0.951113784,99
"623",0.636751203,0.033799681,6.852053081,6.572039072,6.712046076,0.524701655,276
"625",1.078118657,0.044830453,6.852053081,6.572039072,6.712046076,0.687118339,99
"627",0.957952299,0.0254702175,6.3827785415,6.2103174605,6.2965480005,0.535311064,362
"629",1.882940702,0.038689716,6.852053081,6.572039072,6.712046076,0.787823697,118
"653",2.073547731,0.036700897,6.817638797,5.152625153,5.985131975,0.769404665,99
"654",2.795104052,0.024691092,7.423148941,3.015873016,5.2195109785,0.680927358,105
"663",0,0.085847294,8.077192371,8.797313797,8.437253084,0,276
"668",1.280962369,0.0438667983333333,6.802563791,5.03968254,5.92112316533333,0.622887764333333,99
"669",2.398846306,0.051709308,6.441465148,5.213675214,5.827570181,0.897469204,293
"679",1.941679869,0.03659838,6.441465148,5.213675214,5.827570181,0.745376454,99
"680",4.175264536,0.079388756,6.817638797,5.152625153,5.985131975,1.256528204,135
"681",2.648023761,0.102639492,6.817638797,5.152625153,5.985131975,1.176079555,447
"682",0.82721745,0.061673909,6.441465148,5.213675214,5.827570181,0.667425649,99
"688",1.297140854,0.037500525,6.817638797,5.152625153,5.985131975,0.662774932,197
"690",1.680361815,0.046860279,8.226716181,0.894383394,4.560549788,0.710790519,99
"691",1.531137809,0.050438104,6.817638797,5.152625153,5.985131975,0.773182926,103
"692",0.676167435,0.026787554,6.852053081,6.572039072,6.712046076,0.495390203,130
"693",1.191913306,0.038064366,6.441465148,5.213675214,5.827570181,0.64182544,217
"702",1.93176817,0.043272203,6.441465148,5.213675214,5.827570181,0.786835309,154
"711",0.598503596,0.0164949,6.852053081,6.572039072,6.712046076,0.404660173,99
"720",1.861060592,0.071741027,6.817638797,5.152625153,5.985131975,0.927970018,433
"729",2.195431839,0.080906,6.817638797,5.152625153,5.985131975,1.020606052,332
"735",1.66837323,0.046091406,6.441465148,5.213675214,5.827570181,0.765244517,197
"744",1.702835846,0.046788518,6.441465148,5.213675214,5.827570181,0.774342675,191
"750",0.859918549,0.045937631,6.441465148,5.213675214,5.827570181,0.612873921,352
"762",1.307264101,0.046337445,8.863975701,1.816239316,5.340107508,0.686459849,407
"763",0.56393672,0.037018698,6.852053081,6.572039072,6.712046076,0.519400242,118
"781",0.757762454,0.030262862,6.852053081,6.572039072,6.712046076,0.535919228,351
"790",0.98088795,0.029822042,6.852053081,6.572039072,6.712046076,0.581215562,266
"794",0.507816921,0.019498633,6.852053081,6.572039072,6.712046076,0.405062545,179
"823",3.073337937,0.090101727,6.817638797,5.152625153,5.985131975,1.183420409,360
"837",0.196949019,0.075585395,7.531331947,5.860805861,6.696068904,0.46366453,100
"846",0.631484305,0.043856547,7.531331947,5.860805861,6.696068904,0.570259202,426
"847",0.299166071,0.017643085,7.531331947,5.860805861,6.696068904,0.328172555,281
"848",0.38253547,0.038792233,7.531331947,5.860805861,6.696068904,0.463175381,101
"849",0.298259329,0.022973941,7.531331947,5.860805861,6.696068904,0.358000104,137
"852",0.33665542,0.025444588,7.531331947,5.860805861,6.696068904,0.3856562,99
"853",0.38473167,0.035696235,7.531331947,5.860805861,6.696068904,0.451370761,204
"855",0.53531398,0.029473486,7.531331947,5.860805861,6.696068904,0.472737441,99
"893",0.01813865,0.059110998,5.191504838,6.547619048,5.869561943,0.18462605,135
"894",0.030176404,0.031944133,5.191504838,6.547619048,5.869561943,0.178191955,116
"895",0.061365989,0.044676678,5.191504838,6.547619048,5.869561943,0.252467087,99
"897",0.0349081855,0.0564711985,4.9293054885,5.796703297,5.3630043925,0.1892144645,102
"898",0.015072994,0.028140772,5.191504838,6.547619048,5.869561943,0.135533631,210
"900",0.090468549,0.019908699,5.191504838,6.547619048,5.869561943,0.219473487,210
"901",0.033271019,0.056250788,5.191504838,6.547619048,5.869561943,0.222296932,210
"902",0.021453277,0.039766139,5.191504838,6.547619048,5.869561943,0.171081974,210
"903",0.035901469,0.02028801,5.191504838,6.547619048,5.869561943,0.162300224,215
"928",0.873852889,0.032200424,6.852053081,6.572039072,6.712046076,0.573744164,215
"931",1.681581834,0.046091406,6.441465148,5.213675214,5.827570181,0.767258705,99
"932",0.944619522,0.037500525,6.441465148,5.213675214,5.827570181,0.591008772,111
"933",3.205998051,0.064175311,6.441465148,5.213675214,5.827570181,1.062362952,215
"934",1.4275898,0.051288991,6.441465148,5.213675214,5.827570181,0.752844071,210
"935",1.402797895,0.027935739,6.441465148,5.213675214,5.827570181,0.611243507,210
"936",1.421781467,0.041303887,6.441465148,5.213675214,5.827570181,0.699472149,210
"937",1.489896828,0.083479163,6.441465148,5.213675214,5.827570181,0.898270763,233
"938",1.678348231,0.064441854,6.441465148,5.213675214,5.827570181,0.857391562,210
"939",0.820414925,0.034055972,6.817638797,5.152625153,5.985131975,0.550934777,210
"943",2.973086727,0.061017804,6.441465148,5.213675214,5.827570181,1.018709966,210
"944",NA,NA,NA,NA,NA,NA,210
"945",2.014952454,0.031318782,6.441465148,5.213675214,5.827570181,0.716449736,276
"948",2.966297997,0.036342089,6.441465148,5.213675214,5.827570181,0.856454037,283
"949",NA,NA,NA,NA,NA,NA,297
"950",0.888190489,0.025147291,6.441465148,5.213675214,5.827570181,0.50679028,291
"952",0.202719898,0.007288921,6.441465148,5.213675214,5.827570181,0.204966262,187
"983",0.334528179,0.005894697,6.441465148,5.213675214,5.827570181,0.225663111,293
"995",0.860670489,0.045363539,5.97793252,3.199023199,4.58847786,0.563729583,276
"996",0.54227648,0.017827614,5.97793252,3.199023199,4.58847786,0.353992625,323
"997",0.356437616,0.029658015,5.97793252,3.199023199,4.58847786,0.364696352,136
"998",0.361746635,0.023260987,5.97793252,3.199023199,4.58847786,0.337987337,118
"1007",0.416604536,0.01848372,7.531331947,5.860805861,6.696068904,0.372201194,330
"1008",0.553688107,0.016525655,7.531331947,5.860805861,6.696068904,0.394228423,99
"1009",0.459772046,0.036219069,7.531331947,5.860805861,6.696068904,0.481319276,118
"1011",0.612092922,0.028766122,7.531331947,5.860805861,6.696068904,0.490350019,136
"1012",0.483745434,0.022533121,7.531331947,5.860805861,6.696068904,0.417913157,136
"1013",0.256495446,0.035619348,6.2654797615,4.90995116,5.587715461,0.3074474695,106
"1028",4.198212423,0.034947865,6.45603317,3.308913309,4.88247324,0.894763606,106
"1030",2.500530327,0.0457223465,5.2882563255,3.705738706,4.496997516,0.5424970315,149
"1031",5.175302562,0.049238661,5.37928052,2.533577534,3.956429027,1.002724872,203
"1033",2.005448284,0.206898743,6.817638797,5.152625153,5.985131975,1.354194411,226
"1041",0.188288026,0.0596748385,6.468401259,5.741758242,6.1050797505,0.2775717105,98
"1046",0.266787982,0.009995356,7.531331947,5.860805861,6.696068904,0.261373457,121
"1049",1.473217748,0.045281526,6.45603317,3.308913309,4.88247324,0.688033031,184
"1052",2.05954088,0.027515421,6.45603317,3.308913309,4.88247324,0.651621618,34
"1053",1.875784348,0.050007535,6.45603317,3.308913309,4.88247324,0.770819588,314
"1056",1.169111963,0.017591827,6.45603317,3.308913309,4.88247324,0.464803051,30
"1057",1.318517,0.027361646,6.45603317,3.308913309,4.88247324,0.560560653,57
"1059",2.266774388,0.045701843,6.45603317,3.308913309,4.88247324,0.796759581,149
"1061",2.276162007,0.253871791,6.45603317,3.308913309,4.88247324,1.413033623,136
"1067",1.909456971,0.866951047,8.863975701,1.816239316,5.340107508,2.067687096,290
"1069",0.909898815,0.066943256,8.863975701,1.816239316,5.340107508,0.687727901,30
"1084",0.932070121,0.050509866,8.404832734,0.818070818,4.611451776,0.601018016,241
"1088",2.066138797,0.103910696,8.404832734,0.818070818,4.611451776,0.996672493,114
"1092",1.368418515,0.0475300533333333,5.85073376033333,5.31339031366667,5.582062037,0.579074669,192
"1096",0.789950304,0.016218106,5.913504002,5.848595849,5.881049925,0.422362082,30
"1100",0.013331066,0.024778231,6.218955197,5.83028083,6.024618014,0.12578289,244
"1103",0.16180129925,0.0295375585,5.22661090175,5.6356837605,5.43114733125,0.15449716375,143
"1108",0.6051229025,0.049535959,7.464622726,7.6846764345,7.57464958,0.395699074,143
"1115",0.844785933,0.026039184,6.852053081,6.572039072,6.712046076,0.52853813,265
"1121",0.98552342225,0.091185839,6.03666999325,4.990842491,5.51375624225,0.5209003715,321
"1123",2.12409912,0.074355197,6.817638797,5.152625153,5.985131975,0.981416329,135
"1133",0.001864524,0.015838795,4.667106139,5.045787546,4.856446842,0.052344319,116
"1134",0.926555749,0.037521029,6.817638797,5.152625153,5.985131975,0.592570473,312
"1135",1.511108936,0.038259147,6.817638797,5.152625153,5.985131975,0.702050356,192
"1138",2.105853426,0.067886408,6.817638797,5.152625153,5.985131975,0.949354106,57
"1139",1.35634661,0.030242359,7.531331947,5.860805861,6.696068904,0.650033026,97
"1141",1.873839023,0.044358877,6.441465148,5.213675214,5.827570181,0.785356386,350
"1143",1.637448114,0.023291742,6.45603317,3.308913309,4.88247324,0.571044298,228
"1144",2.163262112,0.073176258,6.45603317,3.308913309,4.88247324,0.917711985,159
"1146",2.407310798,0.050397098,6.45603317,3.308913309,4.88247324,0.839832197,94
"1148",1.507497829,0.013552678,6.45603317,3.308913309,4.88247324,0.463774883,159
"1150",2.760409509,0.040401742,6.45603317,3.308913309,4.88247324,0.816590815,23
"1152",1.307890086,0.015469736,6.45603317,3.308913309,4.88247324,0.462272441,55
"1153",4.237418741,0.046686001,6.45603317,3.308913309,4.88247324,0.988498415,381
"1160",NA,NA,NA,NA,NA,NA,23
"1164",1.002868788,0.034568554,6.852053081,6.572039072,6.712046076,0.615073128,63
"1165",1.330488958,0.054877067,6.852053081,6.572039072,6.712046076,0.788410439,63
"1166",0.899597778,0.035583467,6.852053081,6.572039072,6.712046076,0.598940742,63
"1168",1.118983897,0.047342107,6.852053081,6.572039072,6.712046076,0.70844931,23
"1169",2.852850432,0.100855705,6.817638797,5.152625153,5.985131975,1.198627952,63
"1170",2.027689585,0.073576072,6.817638797,5.152625153,5.985131975,0.962950434,23
"1171",1.647367051,0.0450201085,7.2638986735,6.369047619,6.8164731465,0.5346183125,23
"1172",2.606628105,0.110574267,6.817638797,5.152625153,5.985131975,1.199321513,63
"1179",1.869112795,0.280146763,8.404832734,0.818070818,4.611451776,1.341589333,153
"1181",1.344034258,0.038218141,5.913504002,5.848595849,5.881049925,0.670983107,23
"1183",0.65463233,0.020472539,5.913504002,5.848595849,5.881049925,0.428753828,250
"1184",1.497515109,0.054641279,5.913504002,5.848595849,5.881049925,0.783638287,44
"1189",1.935224378,0.038884498,5.913504002,5.848595849,5.881049925,0.762057185,144
"1192",0.387832996,0.00889843,5.456937224,7.857142857,6.657040041,0.284280083,130
"1197",0.67444262,0.02813052,5.456937224,7.857142857,6.657040041,0.501727584,289
"1205",0.512546984,0.018504223,5.456937224,7.857142857,6.657040041,0.398194481,248
"1223",0.418680771,0.009964601,5.456937224,7.857142857,6.657040041,0.302836371,113
"1227",NA,NA,NA,NA,NA,NA,79
"1229",0.333112774,0.022527995,5.202963802,7.834249084,6.5186064435,0.2503472805,280
"1302",0.689295621,0.018688753,6.441465148,5.213675214,5.827570181,0.421849738,49
"1305",2.03014679,0.031749351,6.441465148,5.213675214,5.827570181,0.721522596,23
"1318",1.076531155,0.048941364,8.863975701,1.816239316,5.340107508,0.655265883,79
"1319",1.270751741,0.037131466,8.863975701,1.816239316,5.340107508,0.631612821,248
"1320",1.237535811,0.049125893,8.863975701,1.816239316,5.340107508,0.68728903,56
"1321",0.74425576,0.042062508,8.863975701,1.816239316,5.340107508,0.55087846,232
"1324",2.807605434,0.03665989,8.404832734,0.818070818,4.611451776,0.780048553,23
"1326",2.13414683,0.048726079,8.404832734,0.818070818,4.611451776,0.782722487,221
"1328",1.658073326,0.04393856,8.404832734,0.818070818,4.611451776,0.695177553,23
"1330",3.121391083,0.022256326,8.404832734,0.818070818,4.611451776,0.684247329,23
"1331",2.600259253,0.029555499,8.404832734,0.818070818,4.611451776,0.707670141,353
"1333",1.009664013,0.053616115,6.852053081,6.572039072,6.712046076,0.713579528,113
"1358",1.085528609,0.021682234,6.852053081,6.572039072,6.712046076,0.540588424,123
"1360",1.003409617,0.026172455,6.852053081,6.572039072,6.712046076,0.560693969,113
"1368",0.947051848,0.021702737,5.913504002,5.848595849,5.881049925,0.494440887,113
"1369",0.943838808,0.020257255,5.913504002,5.848595849,5.881049925,0.482663468,7
"1379",1.277102276,0.061376612,6.852053081,6.572039072,6.712046076,0.807286777,30
"1385",1.181105991,0.1030495575,7.174439365,2.106227106,4.6403332355,0.602984099,32
"1386",1.242085406,0.058321621,8.226716181,0.894383394,4.560549788,0.691299244,32
"1387",1.55273756,0.101245268,8.226716181,0.894383394,4.560549788,0.895014348,245
"1389",0.569443253,0.047926451,7.531331947,5.860805861,6.696068904,0.567477366,141
"1395",NA,NA,NA,NA,NA,NA,262
"1396",0.020973264,0.032077404,7.442214042,0,3.721107021,0.135783126,37
"1397",0.050648058,0.03068318,7.442214042,0,3.721107021,0.179492005,30
"1398",0.041246317,0.041283383,7.442214042,0,3.721107021,0.185045079,82
"1399",0.032135199,0.036875175,7.442214042,0,3.721107021,0.163981837,54
"1400",0.007084071,0.013655194,7.442214042,0,3.721107021,0.071135159,30
"1401",0.041603623,0.075769924,7.442214042,0,3.721107021,0.227213111,30
"1402",0.050493864,0.028345804,7.442214042,0,3.721107021,0.174635763,297
"1405",1.657387111,0.123501594,8.863975701,1.816239316,5.340107508,1.030106608,281
"1407",2.722536991,0.011963672,8.404832734,0.818070818,4.611451776,0.531567788,70
"1410",1.373191481,0.061161327,8.404832734,0.818070818,4.611451776,0.728923398,338
"1411",2.852186442,0.043661765,4.990112867,3.644688645,4.317400756,0.813143488,30
"1412",3.303378311,0.090378522,4.990112867,3.644688645,4.317400756,1.088300018,237
"1414",1.54660007,0.035173401,5.913504002,5.848595849,5.881049925,0.683936456,281
"1417",1.282912499,0.046398955,6.852053081,6.572039072,6.712046076,0.736523693,330
"1418",0.756616726,0.055225623,6.852053081,6.572039072,6.712046076,0.654571609,75
"1419",0.817151305,0.034312263,6.852053081,6.572039072,6.712046076,0.573062852,293
"1421",0.523495729,0.026285223,6.852053081,6.572039072,6.712046076,0.452022356,318
"1423",1.36993796,0.1170738105,7.858014391,4.194139194,6.026076792,0.944345252,206
"1424",0.940467294,0.135065452,6.434894278,4.044566545,5.239730411,0.873103317,2
"1425",0.194383202,0.029165936,6.434894278,4.044566545,5.239730411,0.309704749,26
"1426",0.050723351,0.040155702,6.434894278,4.044566545,5.239730411,0.220168255,26
"1427",0.175084497,0.040442748,6.434894278,4.044566545,5.239730411,0.333528102,81
"1430",2.374845794,0.040904072,6.441465148,5.213675214,5.827570181,0.827236759,134
"1434",2.897169921,0.016699933,6.45603317,3.308913309,4.88247324,0.618172278,269
"1437",0.881658813,0.040350483,7.160041941,6.059218559,6.60963025,0.617223074,26
"1438",0.20690915,0.048346768,7.160041941,6.059218559,6.60963025,0.404366128,26
"1439",1.8476122275,0.052954884,6.075077404,4.851953602,5.463515503,0.642718165,242
"1441",0.881824375,0.019754924,6.852053081,6.572039072,6.712046076,0.488994677,26
"1444",0.891735848,0.030242359,6.852053081,6.572039072,6.712046076,0.565677547,100
"1457",0.80438333,0.028468824,6.852053081,6.572039072,6.712046076,0.53566817,229
"1458",1.7060904,0.199876365,8.226716181,0.894383394,4.560549788,1.158582314,100
"1465",2.44879243,0.851255776,8.226716181,0.894383394,4.560549788,2.118408688,26
"1466",2.146729722,0.056476324,8.226716181,0.894383394,4.560549788,0.82076784,317
"1470",2.436348346,0.078804412,6.817638797,5.152625153,5.985131975,1.047420852,230
"1471",2.039918069,0.056599344,6.817638797,5.152625153,5.985131975,0.884095713,170
"1475",1.818695054,0.082700038,6.817638797,5.152625153,5.985131975,0.965561132,148
"1478",2.075939696,0.041344893,6.817638797,5.152625153,5.985131975,0.800884913,217
"1481",0.980579961,0.038320657,7.531331947,5.860805861,6.696068904,0.631313813,19
"1482",0.253531218,0.03130853,7.531331947,5.860805861,6.696068904,0.375985717,24
"1485",0.153045956,0.0738221115,6.646578886,4.275030525,5.4608047055,0.229241355,273
"1498",0.938351663,0.038064366,7.531331947,5.860805861,6.696068904,0.620728064,102
"1505",1.640044583,0.032261934,6.441465148,5.213675214,5.827570181,0.675581663,53
"1506",1.536557497,0.022850922,6.441465148,5.213675214,5.827570181,0.589268667,19
"1513",0.318510876,0.009513529,6.441465148,5.213675214,5.827570181,0.260406089,46
"1514",1.4501728295,0.042616097,5.949201186,6.5354090355,6.242305111,0.6990636835,85
"1520",1.757434287,0.039663623,6.441465148,5.213675214,5.827570181,0.740604471,71
"1522",2.391676992,0.050509866,6.45603317,3.308913309,4.88247324,0.838634781,227
"1524",1.4202399,0.031380292,6.45603317,3.308913309,4.88247324,0.601477687,250
"1526",2.221674659,0.017181761,6.45603317,3.308913309,4.88247324,0.57121026,234
"1533",1.85567574,0.062637564,6.45603317,3.308913309,4.88247324,0.827927436,22
"1537",3.090480669,0.043220945,8.863975701,1.816239316,5.340107508,0.893490821,43
"1538",1.596860699,0.045609578,8.863975701,1.816239316,5.340107508,0.729946499,146
"1540",1.038395618,0.026162204,8.863975701,1.816239316,5.340107508,0.525447169,141
"1551",1.287783023,0.057706522,8.863975701,1.816239316,5.340107508,0.734862127,74
"1552",0.004206218,0.025885409,4.999627576,3.959096459,4.479362018,0.078714423,50
"1554",2.018905485,0.027361646,8.404832734,0.818070818,4.611451776,0.633916362,17
"1559",3.615802921,0.021087638,8.404832734,0.818070818,4.611451776,0.705813762,17
"1564",3.431868769,0.017397045,8.404832734,0.818070818,4.611451776,0.650550896,17
"1571",2.650019057,0.019016806,8.404832734,0.818070818,4.611451776,0.614810691,288
"1574",3.27471188,0.019252593,8.404832734,0.818070818,4.611451776,0.66247069,118
"1577",3.521850488,0.018842528,8.404832734,0.818070818,4.611451776,0.673880022,91
"1581",3.19887419,0.02265614,8.404832734,0.818070818,4.611451776,0.69396929,281
"1586",1.274947381,0.202172734,8.404832734,0.818070818,4.611451776,1.059296423,152
"1588",3.934257645,0.057439979,4.990112867,3.644688645,4.317400756,0.991820647,112
"1589",3.044861862,0.046378452,4.990112867,3.644688645,4.317400756,0.847947053,140
"1590",0.675472085,0.067814646,4.990112867,3.644688645,4.317400756,0.582618704,86
"1592",0.751753879,0.025485595,5.913504002,5.848595849,5.881049925,0.482994042,4
"1593",0.450265373,0.036070421,7.9286125425,4.5772283275,6.2529204345,0.2881139755,4
"1594",1.209412884,0.080998264,5.913504002,5.848595849,5.881049925,0.832086335,108
"1595",1.173992542,0.054190207,5.913504002,5.848595849,5.881049925,0.720576904,237
"1597",0.583544633,0.0493206745,7.108397312,5.3052503055,6.2068238085,0.4303460105,273
"1600",2.264279392,0.274231562,5.913504002,5.848595849,5.881049925,1.539929265,294
"1601",0.107759144,0.02695158,7.160041941,6.059218559,6.60963025,0.267755568,218
"1602",0.063683508,0.025280562,7.160041941,6.059218559,6.60963025,0.219953202,40
"1603",0.7017526,0.058772693,7.160041941,6.059218559,6.60963025,0.648403867,40
"1604",0.076932088,0.030990729,7.160041941,6.059218559,6.60963025,0.250710291,40
"1614",0.521663462666667,0.107949844666667,4.539869427,4.58282458266667,4.561347005,0.423368580666667,40
"1618",0.100012439,0.025044774,7.160041941,6.059218559,6.60963025,0.254868463,40
"1622",0.3760079555,0.039699504,6.104862135,5.167887668,5.6363749015,0.3656815515,40
"1625",2.371666698,0.048254503,5.191504838,6.547619048,5.869561943,0.875788151,40
"1626",0.777463871,0.039438087,6.852053081,6.572039072,6.712046076,0.590405409,40
"1627",1.468674425,0.098180025,6.852053081,6.572039072,6.712046076,0.989163008,102
"1629",0.910520474,0.035255415,6.852053081,6.572039072,6.712046076,0.599501339,177
"1630",0.677407777,0.025598363,6.852053081,6.572039072,6.712046076,0.488246457,96
"1631",0.58452745,0.038751226,6.852053081,6.572039072,6.712046076,0.53372199,148
"1637",0.534117902,0.041273132,6.852053081,6.572039072,6.712046076,0.528915745,164
"1646",0.2464709225,0.0326514965,5.847228541,4.7565628815,5.3018957115,0.2524506125,114
"1651",0.446394323666667,0.027201037,4.602271227,5.707163207,5.154717217,0.360360694,221
"1656",1.448514359,0.022369094,6.852053081,6.572039072,6.712046076,0.601370394,89
"1671",0.774194251,0.015449232,6.852053081,6.572039072,6.712046076,0.431390515,260
"1673",0.012933185,0.038023359,1.908867654,3.058608059,2.483737856,0.106894144,338
"1674",0.0495866435,0.03161608,4.675540848,1.5293040295,3.1024224385,0.148091009,256
"1675",0.00645264833333333,0.0419018993333333,5.27932713366667,5.49145299133333,5.38539006266667,0.0840673233333333,40
"1676",0.005527183,0.05980811,1.908867654,3.058608059,2.483737856,0.093638956,40
"1680",0.016718847,0.022317836,1.908867654,3.058608059,2.483737856,0.097496282,40
"1689",2.179732734,0.050304833,6.45603317,3.308913309,4.88247324,0.811990489,40
"1692",0.500248648,0.035332302,6.17419914,4.946581197,5.560390168,0.3992519305,266
"1695",2.971618107,0.137054271,6.817638797,5.152625153,5.985131975,1.345818314,115
"1696",3.116678765,0.099615256,6.817638797,5.152625153,5.985131975,1.229411324,55
"1710",0.050675075,0.026890071,7.442214042,0,3.721107021,0.171798552,57
"1712",0.225322647,0.068839811,5.97793252,3.199023199,4.58847786,0.414417148,20
"1720",2.109987101,0.048121232,6.441465148,5.213675214,5.827570181,0.839527029,252
"1722",2.479974464,0.034537799,6.441465148,5.213675214,5.827570181,0.793249477,20
"1723",2.253458196,0.02365055,6.441465148,5.213675214,5.827570181,0.67721425,84
"1738",1.297677922,0.044420387,8.863975701,1.816239316,5.340107508,0.675201013,142
"1741",1.712443306,0.037459519,5.913504002,5.848595849,5.881049925,0.722566386,113
"1744",1.431485677,0.056179027,5.913504002,5.848595849,5.881049925,0.779121809,351
"1750",0.698255225,0.019447375,6.852053081,6.572039072,6.712046076,0.450031972,113
"1782",1.438416714,0.024480933,8.863975701,1.816239316,5.340107508,0.572911533,278
"1786",2.606765487,0.080331907,4.990112867,3.644688645,4.317400756,0.96695026,263
"1788",0.011094184,0.314766575,5.197232131,4.877899878,5.037566005,0.260076776,263
"1798",1.721063411,0.076969367,8.863975701,1.816239316,5.340107508,0.891021662,113
"1808",1.439810421,0.103398113,8.404832734,0.818070818,4.611451776,0.88216915,212
"1815",2.726048706,0.048746582,8.863975701,1.816239316,5.340107508,0.891954282,352
"1830",2.492947921,0.090747581,6.817638797,5.152625153,5.985131975,1.106302765,366
"1922",1.402232721,0.063672981,8.226716181,0.894383394,4.560549788,0.741192176,352
"1924",2.81714101,0.074365449,8.226716181,0.894383394,4.560549788,0.984915555,283
"1947",1.710453256,0.496825577,8.863975701,1.816239316,5.340107508,1.655598606,157
"1958",3.669894899,0.023568537,8.404832734,0.818070818,4.611451776,0.736107609,324
"1960",4.430373269,0.021077387,8.404832734,0.818070818,4.611451776,0.755147143,136
"1961",NA,NA,NA,NA,NA,NA,304
"1963",3.030712935,0.019314103,8.404832734,0.818070818,4.611451776,0.646277458,113
"1965",3.066764746,0.015479987,8.404832734,0.818070818,4.611451776,0.602693134,121
"1979",NA,NA,NA,NA,NA,NA,113
"1987",0.459759929,0.01412677,5.456937224,7.857142857,6.657040041,0.350982167,212
"1997",0.556664977,0.035173401,6.852053081,6.572039072,6.712046076,0.508418173,113
"1998",0.63636396,0.025434337,6.852053081,6.572039072,6.712046076,0.477155909,113
"2000",0.972347682,0.03329735,6.852053081,6.572039072,6.712046076,0.601213506,263
"2010",0.674681884,0.035183653,6.025259639,4.3605006105,5.192880125,0.4075540275,151
"2012",0.88224568,0.016525655,5.97793252,3.199023199,4.58847786,0.405949761,371
"2013",0.028619936,0.029658015,5.97793252,3.199023199,4.58847786,0.157335405,163
"2019",0.881627835,0.022451107,5.97793252,3.199023199,4.58847786,0.449500901,286
"2021",0.943897883,0.051371004,5.97793252,3.199023199,4.58847786,0.605950622,113
"2034",0.760445633,0.037346751,6.852053081,6.572039072,6.712046076,0.575517641,157
"2037",1.141997021,0.025465092,6.852053081,6.572039072,6.712046076,0.580080653,169
"2038",0.627795013,0.023435265,6.852053081,6.572039072,6.712046076,0.462218747,178
"2042",0.526750295,0.033881694,6.852053081,6.572039072,6.712046076,0.492956137,153
"2043",0.563356772,0.036403599,6.852053081,6.572039072,6.712046076,0.516330275,151
"2055",0.843128976,0.054015929,6.817638797,5.152625153,5.985131975,0.648380381,212
"2068",0.019452761,0.040873317,6.218955197,5.83028083,6.024618014,0.168571267,212
"2069",0.01038572,0.028325301,6.218955197,5.83028083,6.024618014,0.12101714,113
"2071",0.017323962,0.034906859,6.218955197,5.83028083,6.024618014,0.153873028,113
"2074",0.020432055,0.016218106,6.218955197,5.83028083,6.024618014,0.125915897,147
"2076",0.032796043,0.035809004,6.218955197,5.83028083,6.024618014,0.191976351,263
"2078",0.026525732,0.015920808,6.218955197,5.83028083,6.024618014,0.136517188,263
"2090",0.603401356,0.036557374,7.531331947,5.860805861,6.696068904,0.528607996,113
"2092",2.383011036,0.035573216,6.45603317,3.308913309,4.88247324,0.745240332,263
"2097",1.570070336,0.055553676,5.913504002,5.848595849,5.881049925,0.800501701,263
"2098",1.155475598,0.033194834,5.913504002,5.848595849,5.881049925,0.608735618,263
"2100",NA,NA,NA,NA,NA,NA,273
"2104",0.824139408,0.034783839,6.852053081,6.572039072,6.712046076,0.577312606,371
"2118",0.792984253,0.039909662,6.817638797,5.152625153,5.985131975,0.574299956,371
"2121",0.199830094,0.028017752,7.531331947,5.860805861,6.696068904,0.334686373,297
"2154",1.32249854,0.034455786,8.863975701,1.816239316,5.340107508,0.624313111,306
"2213",1.25318039,0.017745601,6.45603317,3.308913309,4.88247324,0.477069216,204
"2214",1.836202003,0.072786695,6.45603317,3.308913309,4.88247324,0.867369426,265
"2215",2.148314278,0.021354181,6.45603317,3.308913309,4.88247324,0.607305017,183
"2218",1.165651061,0.011902162,6.45603317,3.308913309,4.88247324,0.407641229,296
"2220",1.851647836,0.018053151,6.45603317,3.308913309,4.88247324,0.546491935,140
"2222",1.053788341,0.022932935,6.45603317,3.308913309,4.88247324,0.490475854,119
"2226",1.183924097,0.037233983,7.160041941,6.059218559,6.60963025,0.66294908,212
"2238",0.607790332,0.028356056,7.531331947,5.860805861,6.696068904,0.486862707,310
"2239",0.188509889,0.013040095,7.531331947,5.860805861,6.696068904,0.254377252,115
"2256",0.214221009,0.043856547,7.160041941,6.059218559,6.60963025,0.395996383,117
"2261",2.076607661,0.050981441,5.191504838,6.547619048,5.869561943,0.853343892,113
"2262",0.52342905,0.023558285,5.191504838,6.547619048,5.869561943,0.416743719,113
"2487",2.064809816,0.052806235,6.817638797,5.152625153,5.985131975,0.867387174,263
"2488",0.445746899,0.039796894,7.531331947,5.860805861,6.696068904,0.491570496,263
"2490",2.474023715,0.038043863,6.45603317,3.308913309,4.88247324,0.771689833,113
"2527",1.195410174,0.103459623,8.404832734,0.818070818,4.611451776,0.829293963,114
"2532",1.902795191,0.036137056,4.990112867,3.644688645,4.317400756,0.667097112,60
"2533",2.666872977,0.043774533,4.990112867,3.644688645,4.317400756,0.795821021,258
"2536",3.216067328,0.04841853,4.990112867,3.644688645,4.317400756,0.876031449,66
"2544",1.32492291,0.034558303,6.852053081,6.572039072,6.712046076,0.674837665,8
"2546",1.32868159,0.034783839,6.817638797,5.152625153,5.985131975,0.651564459,51
"2565",3.490651935,0.073709343,6.817638797,5.152625153,5.985131975,1.154784483,225
"2567",3.499847102,0.102875279,6.817638797,5.152625153,5.985131975,1.291649292,30
"2573",1.214067038,0.038740975,6.441465148,5.213675214,5.827570181,0.649581391,4
"2574",0.64762618,0.03329735,6.441465148,5.213675214,5.827570181,0.500887884,52
"2597",1.325008745,0.137495092,8.863975701,1.816239316,5.340107508,0.990874489,209
"2617",3.30217435,0.015162186,8.404832734,0.818070818,4.611451776,0.613479185,7
"2623",0.475063383,0.033205085,6.0662295995,5.8394383395,5.9528339695,0.3659829735,228
"2625",1.485695165,0.054374737,5.913504002,5.848595849,5.881049925,0.780298157,5
"2627",1.783167761,0.030191101,5.913504002,5.848595849,5.881049925,0.681567186,117
"2629",1.488719427,0.063211657,5.913504002,5.848595849,5.881049925,0.821022321,5
"2631",2.212443736,0.090850097,5.913504002,5.848595849,5.881049925,1.057346907,14
"2633",0.812499644,0.035234911,5.913504002,5.848595849,5.881049925,0.552183904,37
"2635",0.833922522,0.031298279,5.913504002,5.848595849,5.881049925,0.535427091,247
"2645",0.14217859825,0.05780006825,6.301705261875,6.23015873,6.265931996,0.1061540595,14
"2647",0.156548090333333,0.0595962423333333,5.854289762,5.69088319066667,5.77258647633333,0.213522636666667,261
"2649",1.175523672,0.040668284,6.852053081,6.572039072,6.712046076,0.684616539,155
"2685",1.194983658,0.033563893,6.852053081,6.572039072,6.712046076,0.645698445,260
"2692",0.331629699,0.006274008,6.441465148,5.213675214,5.827570181,0.229735795,35
"2697",0.108973685,0.010077369,6.441465148,5.213675214,5.827570181,0.185660183,268
"2723",2.438767827,0.051545282,6.441465148,5.213675214,5.827570181,0.901465194,35
"2726",0.628157728,0.019037309,6.441465148,5.213675214,5.827570181,0.411516505,230
"2731",1.058868627,0.048715827,6.852053081,6.572039072,6.712046076,0.70219171,108
"2742",0.738273203,0.018832276,6.441465148,5.213675214,5.827570181,0.432715523,222
"2744",0.459980613,0.025731634,6.441465148,5.213675214,5.827570181,0.410107902,35
"2761",0.76433252,0.039110034,6.852053081,6.572039072,6.712046076,0.585430242,268
"2762",0.600654565,0.035234911,7.531331947,5.860805861,6.696068904,0.521361903,257
"2763",0.560237682,0.05066364,7.531331947,5.860805861,6.696068904,0.574949288,257
"2765",0.691143411,0.02869436,7.531331947,5.860805861,6.696068904,0.510185618,48
"2766",0.906972139,0.044471645,7.531331947,5.860805861,6.696068904,0.646396535,48
"2768",0.760548347,0.037982353,7.531331947,5.860805861,6.696068904,0.578330639,5
"2769",NA,NA,NA,NA,NA,NA,5
"2770",2.2957344535,0.041811343,6.260722407,4.752747253,5.50673483,0.768023986,5
"2771",0.882665248,0.043364468,7.531331947,5.860805861,6.696068904,0.635209016,82
"2773",0.72620232,0.046880783,7.531331947,5.860805861,6.696068904,0.610882194,84
"2774",0.945653171,0.042349555,7.531331947,5.860805861,6.696068904,0.644862141,7
"2775",0.927834536,0.0226510145,6.7546322335,4.52991453,5.642273382,0.4901205565,219
"2790",0.001385126,0.049310423,8.303290622,4.761904762,6.532597692,0.076413718,18
"2791",0.00103744,0.058905965,8.303290622,4.761904762,6.532597692,0.073632472,213
"2792",0.00100075,0.032395205,6.738115437,3.333333333,5.035724385,0.054654094,316
"2793",0.00238644,0.044850956,8.303290622,4.761904762,6.532597692,0.088757015,133
"2794",NA,NA,NA,NA,NA,NA,133
"2795",0.003694673,0.0376543,8.303290622,4.761904762,6.532597692,0.096863204,133
"2796",0.002735689,0.072345874,8.303290622,4.761904762,6.532597692,0.108940354,316
"2797",0.001962946,0.038156631,8.303290622,4.761904762,6.532597692,0.07879913,316
"2798",0.00212749,0.02377357,8.303290622,4.761904762,6.532597692,0.069132554,316
"2800",0.002212259,0.059367289,8.303290622,4.761904762,6.532597692,0.095021746,143
"2801",0.002684434,0.089917197,8.303290622,4.761904762,6.532597692,0.116393079,223
"2802",0.002359431,0.031082994,8.303290622,4.761904762,6.532597692,0.078247774,35
"2803",NA,NA,NA,NA,NA,NA,35
"2847",0.293030716,0.018791269,7.531331947,5.860805861,6.696068904,0.332835564,35
"2852",0.451238775,0.021507956,7.531331947,5.860805861,6.696068904,0.402045452,42
"2869",0.313109526,0.022112803,7.531331947,5.860805861,6.696068904,0.359241635,35
"2873",0.722718798,0.050704647,7.531331947,5.860805861,6.696068904,0.62605479,35
"2888",0.318815341,0.047536888,7.531331947,5.860805861,6.696068904,0.466440899,46
"2926",1.312290468,0.061745671,6.45603317,3.308913309,4.88247324,0.734106022,8
"2928",1.54877187,0.028222785,6.45603317,3.308913309,4.88247324,0.597597899,120
"2929",1.592682641,0.030191101,6.45603317,3.308913309,4.88247324,0.616901779,210
"2931",1.344015073,0.012148202,6.45603317,3.308913309,4.88247324,0.430379924,8
"2936",NA,NA,NA,NA,NA,NA,8
"2954",3.765298735,0.078681392,4.990112867,3.644688645,4.317400756,1.085503627,210
"2955",3.291727055,0.086513651,4.990112867,3.644688645,4.317400756,1.071297947,158
"2956",1.625590662,0.038207889,4.828609503,4.3452380955,4.586923799,0.486640178,251
"2958",0.326123023,0.146332012,4.990112867,3.644688645,4.317400756,0.590628486,238
"2960",3.581679339,0.051555534,4.990112867,3.644688645,4.317400756,0.927245606,247
"2961",4.285668869,0.031482809,4.990112867,3.644688645,4.317400756,0.835163453,216
"2963",3.538183465,0.013111857,4.990112867,3.644688645,4.317400756,0.585089498,25
"2964",1.28204224,0.070797875,4.990112867,3.644688645,4.317400756,0.731781862,101
"2965",2.757743609,0.021374684,4.990112867,3.644688645,4.317400756,0.633712082,222
"2966",1.29618551,0.204868917,4.990112867,3.644688645,4.317400756,1.046618802,37
"2968",1.752231893,0.086021572,4.990112867,3.644688645,4.317400756,0.866576895,136
"2970",1.091223112,0.131282594,4.990112867,3.644688645,4.317400756,0.85201588,136
"2971",3.178735041,0.068860314,4.990112867,3.644688645,4.317400756,0.98133035,25
"2972",3.313484195,0.055768961,4.990112867,3.644688645,4.317400756,0.927470146,226
"2973",3.386709807,0.03043714,4.990112867,3.644688645,4.317400756,0.763486565,58
"2974",NA,NA,NA,NA,NA,NA,58
"2976",1.6418567205,0.0379874785,5.604534032,4.7374847375,5.171009385,0.4682130095,58
"2979",2.168003552,0.072181848,4.990112867,3.644688645,4.317400756,0.877479103,163
"2982",0.393148173,0.188784083,4.990112867,3.644688645,4.317400756,0.6843023,306
"2985",3.59038097,0.03435327,4.990112867,3.644688645,4.317400756,0.81054474,58
"2990",2.755782184,0.171981633,4.990112867,3.644688645,4.317400756,1.269549893,58
"3012",0.455618499,0.175159644,4.990112867,3.644688645,4.317400756,0.701055803,58
"3014",0.81134154,0.175610716,4.990112867,3.644688645,4.317400756,0.850470061,95
"3016",3.343877573,0.025598363,4.990112867,3.644688645,4.317400756,0.717620729,243
"3020",1.005026131,0.212690924,4.990112867,3.644688645,4.317400756,0.973605215,243
"3032",0.3823745405,0.0454096715,5.9258403285,5.2655677655,5.595704047,0.3579117585,58
"3045",0.931551374,0.037213479,6.852053081,6.572039072,6.712046076,0.615064515,58
"3047",1.340957844,0.039007518,6.852053081,6.572039072,6.712046076,0.705460641,62
"3055",1.462617036,0.026285223,6.852053081,6.572039072,6.712046076,0.636647556,58
"3122",0.448879836,0.004254434,5.456937224,7.857142857,6.657040041,0.233391125,339
"3180",0.630262981,0.035983282,6.852053081,6.572039072,6.712046076,0.533940051,116
"3185",0.882736004,0.055707451,6.817638797,5.152625153,5.985131975,0.665180157,39
"3195",0.136909069,0.028181778,7.531331947,5.860805861,6.696068904,0.29562433,108
"3196",0.10773381,0.019139825,7.531331947,5.860805861,6.696068904,0.239903528,26
"3209",0.314425836,0.036147308,7.531331947,5.860805861,6.696068904,0.423777635,43
"3246",2.4550068955,0.0506328855,5.646392261,4.1910866915,4.918739476,0.806510846,138
"3247",1.098725537,0.051114713,5.913504002,5.848595849,5.881049925,0.691241818,93
"3251",1.543366718,0.078527617,5.913504002,5.848595849,5.881049925,0.893268747,221
"3252",0.950821006777778,0.0480528876666667,6.19326055955556,3.87362637377778,5.03344346655556,0.396964721777778,54
"3253",0.5051184395,0.0740476475,3.5414435025,6.257631258,4.89953738,0.4453560395,317
"3254",2.408822634,0.0441179635,5.646392261,4.1910866915,4.918739476,0.752428554,122
"3255",1.020690544,0.046778266,5.913504002,5.848595849,5.881049925,0.654833706,114
"3257",0.687316907,0.036229321,5.913504002,5.848595849,5.881049925,0.527097185,112
"3258",1.49003098,0.062801591,5.913504002,5.848595849,5.881049925,0.819483605,122
"3293",2.122150252,0.039233054,6.441465148,5.213675214,5.827570181,0.785787746,122
"3299",2.600276383,0.058413886,8.226716181,0.894383394,4.560549788,0.884811862,112
"3305",2.883998587,0.061571393,6.817638797,5.152625153,5.985131975,1.020506835,112
"3331",1.877162735,0.037849081,6.441465148,5.213675214,5.827570181,0.745329413,112
"3338",2.155305435,0.025875157,6.441465148,5.213675214,5.827570181,0.687532311,112
"3345",1.6140514,0.021641227,6.441465148,5.213675214,5.827570181,0.588250429,112
"3347",1.764708718,0.020144487,6.441465148,5.213675214,5.827570181,0.591705469,112
"3373",2.067184893,0.056630099,6.45603317,3.308913309,4.88247324,0.829893134,112
"3396",1.771130141,0.05364687,5.913504002,5.848595849,5.881049925,0.823663666,112
"3398",2.440417876,0.088902284,5.913504002,5.848595849,5.881049925,1.0846193,112
"3400",2.006327066,0.036239573,5.913504002,5.848595849,5.881049925,0.753378501,112
"3408",7.100648031,0.096057934,5.191504838,6.547619048,5.869561943,1.587860357,112
"3412",NA,NA,NA,NA,NA,NA,112
"3414",8.019007365,0.117740168,5.191504838,6.547619048,5.869561943,1.769634804,112
"3430",0.774311576,0.079470769,6.852053081,6.572039072,6.712046076,0.744719454,112
"3435",1.579422937,0.04393856,6.852053081,6.572039072,6.712046076,0.775174949,112
"3438",1.156463103,0.051832328,6.852053081,6.572039072,6.712046076,0.738237002,112
"3466",0.11163035,0.006191995,6.441465148,5.213675214,5.827570181,0.159110972,112
"3492",1.603465224,0.055092352,6.45603317,3.308913309,4.88247324,0.755550638,112
"3558",0.135094426,0.014444571,7.531331947,5.860805861,6.696068904,0.235534211,112
"3567",0.004027312,0.030703683,4.999627576,3.959096459,4.479362018,0.082124733,234
"3568",0.006093095,0.015141683,4.999627576,3.959096459,4.479362018,0.074486245,234
"3569",0.007888724,0.029822042,4.999627576,3.959096459,4.479362018,0.101762265,112
"3570",0.002837587,0.033430621,4.999627576,3.959096459,4.479362018,0.075180162,218
"3571",0.002615243,0.039263809,4.999627576,3.959096459,4.479362018,0.07719222,186
"3572",0.007220626,0.026059687,4.999627576,3.959096459,4.479362018,0.094461186,114
"3573",0.002102605,0.011307567,4.999627576,3.959096459,4.479362018,0.047400291,112
"3574",0.001046985,0.03604479175,5.81341278975,5.15644078125,5.48492678575,0.04449170275,301
"3575",0.010130998,0.02527031,4.999627576,3.959096459,4.479362018,0.104670986,301
"3576",0.002855405,0.019252593,4.999627576,3.959096459,4.479362018,0.062679333,112
"3578",0.003308149,0.035870513,4.999627576,3.959096459,4.479362018,0.081005211,112
"3579",0.004785647,0.022112803,4.999627576,3.959096459,4.479362018,0.077971078,112
"3580",0.003917669,0.030847206,4.999627576,3.959096459,4.479362018,0.081499183,112
"3581",0.003556238,0.039694378,4.999627576,3.959096459,4.479362018,0.08583123,112
"3582",0.003572186,0.033461376,4.999627576,3.959096459,4.479362018,0.081201614,112
"3583",0.004277426,0.038412922,4.999627576,3.959096459,4.479362018,0.090287023,112
"3584",0.005084959,0.015449232,4.999627576,3.959096459,4.479362018,0.070599806,112
"3585",0.002405461,0.02794599,4.999627576,3.959096459,4.479362018,0.067026209,112
"3586",0.0219924335,0.033102569,5.488780048,3.579059829,4.533919939,0.130795131,112
"3587",0.005046719,0.025055026,4.999627576,3.959096459,4.479362018,0.082738326,112
"3588",0.002328079,0.022502366,4.999627576,3.959096459,4.479362018,0.061680421,112
"3589",0.001865943,0.026192959,4.999627576,3.959096459,4.479362018,0.060269795,112
"3590",0.004437638,0.034281508,4.999627576,3.959096459,4.479362018,0.087998646,112
"3591",0.002363114,0.025260059,4.999627576,3.959096459,4.479362018,0.064423612,112
"3592",0.008918135,0.029094175,4.999627576,3.959096459,4.479362018,0.105139379,301
"3593",0.00203359,0.029791287,4.999627576,3.959096459,4.479362018,0.064742519,112
"3594",0.002514536,0.016084834,4.999627576,3.959096459,4.479362018,0.056584421,301
"3596",0.009430878,0.046521975,4.999627576,3.959096459,4.479362018,0.125258961,112
"3597",0.002582512,0.056876139,4.999627576,3.959096459,4.479362018,0.086975353,112
"3598",NA,NA,NA,NA,NA,NA,301
"3599",0.002534508,0.020144487,4.999627576,3.959096459,4.479362018,0.061153596,112
"3600",0.002692118,0.024122126,4.999627576,3.959096459,4.479362018,0.066258551,112
"3601",0.008472342,0.028561089,4.999627576,3.959096459,4.479362018,0.102722318,112
"3602",0.002426909,0.028028003,4.999627576,3.959096459,4.479362018,0.067290532,148
"3603",0.00766169,0.027289885,4.999627576,3.959096459,4.479362018,0.097839483,112
"3604",0.006624152,0.036875175,4.999627576,3.959096459,4.479362018,0.103044979,186
"3605",0.004694171,0.017109999,4.999627576,3.959096459,4.479362018,0.071122721,112
"3606",0.004987982,0.022891928,4.999627576,3.959096459,4.479362018,0.079972585,186
"3607",0.003439798,0.026028932,4.999627576,3.959096459,4.479362018,0.073745434,7
"3608",0.001483949,0.01736629,4.999627576,3.959096459,4.479362018,0.048690856,7
"3609",0.004388959,0.018873282,4.999627576,3.959096459,4.479362018,0.071857985,33
"3610",0.002373862,0.020462288,4.999627576,3.959096459,4.479362018,0.060146259,30
"3611",0.003867672,0.019795931,4.999627576,3.959096459,4.479362018,0.069997184,30
"3612",NA,NA,NA,NA,NA,NA,30
"3613",0.002958958,0.036803413,4.999627576,3.959096459,4.479362018,0.078719262,220
"3614",0.001929157,0.023260987,4.999627576,3.959096459,4.479362018,0.05857837,30
"3615",NA,NA,NA,NA,NA,NA,220
"3616",0.004506528,0.019426871,4.999627576,3.959096459,4.479362018,0.073195946,30
"3617",0.002221462,0.014454823,4.999627576,3.959096459,4.479362018,0.052394928,220
"3618",0.002069866,0.02016499,4.999627576,3.959096459,4.479362018,0.057181048,30
"3619",0.002147728,0.023281491,4.999627576,3.959096459,4.479362018,0.060729829,30
"3620",0.003093814,0.024142629,4.999627576,3.959096459,4.479362018,0.069422192,220
"3622",0.003481985,0.008539622,4.999627576,3.959096459,4.479362018,0.051069378,243
"3623",0.004372654,0.021897518,4.999627576,3.959096459,4.479362018,0.075414015,253
"3624",0.004576087,0.023886338,4.999627576,3.959096459,4.479362018,0.078817017,78
"3625",0.002104022,0.029309459,4.999627576,3.959096459,4.479362018,0.065126554,253
"3626",0.004554701,0.02128242,4.999627576,3.959096459,4.479362018,0.075723789,253
"3688",NA,NA,NA,NA,NA,NA,253
"3690",0.013464091,0.022112803,6.218955197,5.83028083,6.024618014,0.121502006,253
"3691",0.021964674,0.023691557,6.218955197,5.83028083,6.024618014,0.146357829,259
"3693",0.006524995,0.022922683,6.218955197,5.83028083,6.024618014,0.096588418,253
"3695",0.020944445,0.026428746,6.218955197,5.83028083,6.024618014,0.149402654,260
"3697",0.025205353,0.020872354,6.218955197,5.83028083,6.024618014,0.146891921,253
"3699",0.007954577,0.02956575,6.218955197,5.83028083,6.024618014,0.112316917,78
"3701",0.009513422,0.03236445,6.218955197,5.83028083,6.024618014,0.12286971,116
"3702",0.008781388,0.031564822,6.218955197,5.83028083,6.024618014,0.11864024,253
"3703",0.005774833,0.019488381,6.218955197,5.83028083,6.024618014,0.087851307,112
"3705",0.012234198,0.050878925,6.218955197,5.83028083,6.024618014,0.155363018,82
"3706",0.043420271,0.053626366,6.218955197,5.83028083,6.024618014,0.241175658,259
"3709",0.015130961,0.012568519,6.218955197,5.83028083,6.024618014,0.104638952,18
"3710",0.012751165,0.020903109,6.218955197,5.83028083,6.024618014,0.11710176,218
"3712",0.007953493,0.027751209,6.218955197,5.83028083,6.024618014,0.109965498,126
"3715",0.010849097,0.031267524,6.218955197,5.83028083,6.024618014,0.126903092,126
"3716",0.006690194,0.022317836,6.218955197,5.83028083,6.024618014,0.096532472,126
"3717",0.011758734,0.034732581,6.218955197,5.83028083,6.024618014,0.135002676,126
"3719",NA,NA,NA,NA,NA,NA,126
"3723",0.01141673,0.025290814,6.218955197,5.83028083,6.024618014,0.120266503,126
"3724",0.005276056,0.026992587,7.2611229095,5.296092796,6.278607853,0.0928430145,126
"3727",0.022061893,0.036024288,6.218955197,5.83028083,6.024618014,0.168547597,126
"3733",0.007629189,0.014803379,6.218955197,5.83028083,6.024618014,0.087954131,126
"3735",0.019089935,0.029278704,6.218955197,5.83028083,6.024618014,0.1498863,126
"3736",0.005748112,0.031472557,6.218955197,5.83028083,6.024618014,0.102911106,126
"3737",0.012102252,0.027556428,6.218955197,5.83028083,6.024618014,0.126184557,126
"3738",0.004799976,0.020462288,6.218955197,5.83028083,6.024618014,0.083953911,126
"3793",0.14349688,0.045958134,7.160041941,6.059218559,6.60963025,0.351933551,126
"3794",1.537146428,0.031503312,7.160041941,6.059218559,6.60963025,0.684042164,126
"3796",0.144466912,0.040811807,7.160041941,6.059218559,6.60963025,0.339034422,126
"3797",0.128973612,0.045353287,7.160041941,6.059218559,6.60963025,0.338139261,126
"3799",1.505043438,0.048203245,7.160041941,6.059218559,6.60963025,0.782709897,126
"3800",0.2000196,0.021507956,7.160041941,6.059218559,6.60963025,0.305222317,126
"3801",1.192156758,0.036055043,7.160041941,6.059218559,6.60963025,0.657393668,126
"3836",1.665400901,0.047506133,7.160041941,6.059218559,6.60963025,0.805653962,126
"3837",1.422114028,0.031072743,7.160041941,6.059218559,6.60963025,0.663483904,126
"3840",2.339903316,0.149192221,6.817638797,5.152625153,5.985131975,1.278417209,126
"3842",3.565999035,0.051360752,6.817638797,5.152625153,5.985131975,1.031087313,126
"3847",2.002565765,0.268275355,8.863975701,1.816239316,5.340107508,1.420929472,126
"3849",1.194533685,0.183596749,8.863975701,1.816239316,5.340107508,1.054074069,126
"3857",1.0990289115,0.030831829,5.727830373,3.634004884,4.680917629,0.4104025285,126
"3860",1.445167072,0.033276847,6.45603317,3.308913309,4.88247324,0.616926414,126
"3865",1.013290193,0.028976281,6.5970743035,3.321123321,4.9590988125,0.369359804,126
"3877",0.008918085,0.028991658,6.218955197,5.83028083,6.024618014,0.115919918,126
"3881",1.605337854,0.041672946,7.160041941,6.059218559,6.60963025,0.7618438,126
"3885",0.429816243,0.05794231,7.160041941,6.059218559,6.60963025,0.548048001,126
"3908",1.196258408,0.033553641,7.160041941,6.059218559,6.60963025,0.642560377,126
"3939",1.155993362,0.035296421,6.852053081,6.572039072,6.712046076,0.649402039,126
"3948",1.084321839,0.030847206,6.852053081,6.572039072,6.712046076,0.607775223,126
"3980",1.965051413,0.119216405,8.226716181,0.894383394,4.560549788,1.022293769,126
"3981",1.615798002,0.107242481,8.226716181,0.894383394,4.560549788,0.924535746,126
"3991",2.51129434,0.094345909,6.817638797,5.152625153,5.985131975,1.123478608,126
"4006",0.001498875,0.041519171,4.069743114,3.379120879,3.724431996,0.061426822,126
"4036",3.480341977,0.332901739,6.441465148,5.213675214,5.827570181,1.890058147,126
"4058",1.145421655,0.021200406,6.45603317,3.308913309,4.88247324,0.491265745,126
"4060",2.06383517,0.026551766,6.45603317,3.308913309,4.88247324,0.644371166,126
"4061",1.464730415,0.019324355,6.45603317,3.308913309,4.88247324,0.517012281,126
"4068",2.254450602,0.028356056,6.45603317,3.308913309,4.88247324,0.678331743,126
"4069",1.188691595,0.018073654,6.45603317,3.308913309,4.88247324,0.471612176,126
"4073",3.972516576,0.034568554,6.45603317,3.308913309,4.88247324,0.875243584,126
"4081",3.377107285,0.071279703,6.45603317,3.308913309,4.88247324,1.055318464,126
"4099",1.204389031,0.414330573,8.863975701,1.816239316,5.340107508,1.386398003,126
"4100",1.424733515,0.158090651,8.863975701,1.816239316,5.340107508,1.063481509,126
"4140",1.379838065,0.0594698055,7.466916975,3.4752747255,5.47109585,0.448174566,126
"4172",0.001284055,0.0509558125,5.420348773,4.2857142855,4.8530315295,0.065385981,126
"4173",0.000673174,0.030652425,4.102582109,5.238095238,4.670338674,0.045847282,126
"4174",0.000539471,0.03883324,4.102582109,5.238095238,4.670338674,0.046079398,126
"4175",0.00060458,0.045158506,4.102582109,5.238095238,4.670338674,0.050332365,126
"4176",0.000561401,0.043056918,4.102582109,5.238095238,4.670338674,0.048330516,126
"4177",0,0.072427887,4.102582109,5.238095238,4.670338674,0,126
"4178",0.000527339,0.056999158,4.102582109,5.238095238,4.670338674,0.051971942,126
"4179",0.000603811,0.178368409,4.102582109,5.238095238,4.670338674,0.079528447,126
"4180",0.000554052,0.058444641,4.102582109,5.238095238,4.670338674,0.053277985,126
"4181",0.000605935,0.037849081,4.102582109,5.238095238,4.670338674,0.047490845,126
"4182",0.000401834,0.049197655,4.102582109,5.238095238,4.670338674,0.045197363,126
"4183",0,0.068809056,4.102582109,5.238095238,4.670338674,0,126
"4184",0.000507162,0.070664604,4.102582109,5.238095238,4.670338674,0.055110261,126
"4185",0.00110735,0.051104461,4.102582109,5.238095238,4.670338674,0.064174719,126
"4186",0.000592474,0.048469788,4.102582109,5.238095238,4.670338674,0.051187374,126
"4187",0.000775591,0.033256343,4.102582109,5.238095238,4.670338674,0.049387674,126
"4188",0.000427102,0.037644048,4.102582109,5.238095238,4.670338674,0.042188324,162
"4189",0.000482984,0.025998177,4.102582109,5.238095238,4.670338674,0.038851526,126
"4190",0.00055314,0.029842545,4.102582109,5.238095238,4.670338674,0.042560464,126
"4196",1.94958418,0.033348608,7.160041941,6.059218559,6.60963025,0.754626914,126
"4197",0.082457259,0.051852831,7.160041941,6.059218559,6.60963025,0.304597391,126
"4206",0.064727081,0.043548997,7.160041941,6.059218559,6.60963025,0.265102474,126
"4212",1.206149173,0.065528529,7.160041941,6.059218559,6.60963025,0.805383761,126
"4214",1.979184811,0.035204156,7.160041941,6.059218559,6.60963025,0.772240342,126
"4215",0.283843198,0.053534102,7.160041941,6.059218559,6.60963025,0.46483133,313
"4216",0.043710121,0.096515841,5.96126360733333,4.78225478233333,5.371759195,0.216981457,313
"4218",0.071230622,0.029483737,7.160041941,6.059218559,6.60963025,0.240330457,162
"4220",0.206027001,0.04300566,7.160041941,6.059218559,6.60963025,0.388337182,126
"4221",0.654129336,0.035839759,7.160041941,6.059218559,6.60963025,0.537116659,126
"4222",0.683939415,0.0280587585,6.689498569,5.9447496945,6.317124132,0.356820445,313
"4227",1.980589159,0.023507027,7.160041941,6.059218559,6.60963025,0.675133653,126
"4228",1.633328852,0.019590898,7.160041941,6.059218559,6.60963025,0.595801665,126
"4229",1.527507352,0.040237715,7.160041941,6.059218559,6.60963025,0.740624252,126
"4231",0.129534211,0.03702895,7.160041941,6.059218559,6.60963025,0.316495603,162
"4232",0.05986448,0.024009358,7.160041941,6.059218559,6.60963025,0.211791718,126
"4233",0.082086211,0.024614205,7.160041941,6.059218559,6.60963025,0.237252645,313
"4234",0.120643666,0.03771581,7.160041941,6.059218559,6.60963025,0.310981851,316
"4236",0.041502676,0.0188784085,5.91357404,5.5525030525,5.733038546,0.138023783,313
"4237",0.056242792,0.024624457,7.160041941,6.059218559,6.60963025,0.209188062,313
"4238",0.091995513,0.052211639,7.160041941,6.059218559,6.60963025,0.316643356,313
"4239",0.048567154,0.027956242,7.160041941,6.059218559,6.60963025,0.207809886,313
"4241",0.042404695,0.032231179,7.160041941,6.059218559,6.60963025,0.208267945,313
"4258",2.456111373,0.045261022,5.191504838,6.547619048,5.869561943,0.867346643,207
"4261",1.535149367,0.02458345,5.191504838,6.547619048,5.869561943,0.605061778,207
"4264",0.825695268,0.045794108,4.2015780065,5.88980464,5.0456913235,0.4178919835,38
"4266",2.285829433,0.054713041,5.191504838,6.547619048,5.869561943,0.902083602,38
"4270",2.537994325,0.40404817,5.191504838,6.547619048,5.869561943,1.819043817,38
"4291",0.786415721,0.033369112,6.852053081,6.572039072,6.712046076,0.560553738,228
"4314",0.005266758,0.042339303,1.908867654,3.058608059,2.483737856,0.082122899,228
"4315",0.00990086,0.020985122,1.908867654,3.058608059,2.483737856,0.080210285,228
"4316",0.006523003,0.022522869,1.908867654,3.058608059,2.483737856,0.071459343,38
"4317",0.022547899,0.019601149,1.908867654,3.058608059,2.483737856,0.103156784,38
"4318",0.008839826,0.040227464,1.908867654,3.058608059,2.483737856,0.095945372,236
"4321",1.362825562,0.127633007,6.434894278,4.044566545,5.239730411,0.969551179,38
"4322",0.00067193,0.022604882,4.123917932,3.028083028,3.57600048,0.03787111,212
"4360",2.50826563133333,0.0553161796666667,7.02957267533333,5.08954008966667,6.05955638266667,0.615580751666667,15
"4361",2.984717642,0.11320894,6.817638797,5.152625153,5.985131975,1.264598229,57
"4390",1.57524726,0.027187368,6.45603317,3.308913309,4.88247324,0.593542642,204
"4494",1.343034056,0.035368183,6.441465148,5.213675214,5.827570181,0.65172207,235
"4514",1.069531351,0.029883552,8.863975701,1.816239316,5.340107508,0.554700525,204
"4540",0.058802625,0.019426871,5.97793252,3.199023199,4.58847786,0.173709168,204
"4541",0.059303923,0.158305936,5.97793252,3.199023199,4.58847786,0.350549824,204
"4542",0.043404611,0.025198549,5.97793252,3.199023199,4.58847786,0.171209034,235
"4543",0.126467712,0.027597434,5.97793252,3.199023199,4.58847786,0.252061009,204
"4544",0.201494541,0.017417549,5.97793252,3.199023199,4.58847786,0.252526127,204
"4545",0.21241251,0.027125858,5.97793252,3.199023199,4.58847786,0.297904736,204
"4546",0.107195049,0.019016806,5.97793252,3.199023199,4.58847786,0.21069795,204
"4547",0.224723564,0.077502453,5.97793252,3.199023199,4.58847786,0.430735732,204
"4549",0.080225423,0.029155685,5.97793252,3.199023199,4.58847786,0.220580932,204
"4561",0.094253769,0.06777364,5.97793252,3.199023199,4.58847786,0.308325463,204
"4580",0.015041779,0.022502366,5.191504838,6.547619048,5.869561943,0.125712275,204
"4581",9.298300467,0.049248913,5.191504838,6.547619048,5.869561943,1.390385741,204
"4585",0.048198991,0.02551635,5.191504838,6.547619048,5.869561943,0.193265378,204
"4586",0.065589607,0.029319711,5.191504838,6.547619048,5.869561943,0.224319383,204
"4587",0.023900006,0.029022413,5.191504838,6.547619048,5.869561943,0.159678241,204
"4588",0.0153157285,0.045850492,6.2438779525,6.710927961,6.477402957,0.1110427895,204
"4597",0.253483329,0.059254521,5.191504838,6.547619048,5.869561943,0.445067137,204
"4601",0.152408263,0.020903109,5.191504838,6.547619048,5.869561943,0.265424919,204
"4602",0.052463197,0.060915288,5.191504838,6.547619048,5.869561943,0.265702462,204
"4618",0.260998397,0.042739117,5.191504838,6.547619048,5.869561943,0.403047618,204
"4623",0.488400927,0.028919897,5.191504838,6.547619048,5.869561943,0.436039971,204
"4662",0.743526321,0.018514475,5.191504838,6.547619048,5.869561943,0.432319155,204
